  LiveScore Soccer : Live Soccer Scores by LiveScore.com              We use cookies to deliver the content of our website. By continuing to use the site you agree to our Agree      SOCCER WORLD CUP HOCKEY BASKETBALL TENNIS CRICKET iPHONE ANDROID MOBILE CONTACT US           LiveScore Soccer / Football your no.1 Soccer Live Scores since 1998 for compact Livescore visit LiveScores.com                 Home Live Live Notifier  My Matches     EURO 2016   Champions League   Europa League   UEFA   Copa America   Cup of Nations   World Cup   International        England   Italy   Spain   Germany   France   Netherlands   Belgium   Portugal   Scotland        World Cup U-20   World Cup U-17   Euro U-21   Euro U-19   Euro U-17   World Cup Women   Euro Women      Austria   Cyprus   Denmark   Finland   Greece   Iceland   Ireland   Luxembourg   Norway   Northern Ireland   Sweden   Switzerland   Turkey   Wales     Belarus   Bosnia & Herz.   Bulgaria   Croatia   Czech Republic   Estonia   Hungary   Israel   Latvia   Lithuania   FYR Macedonia   Moldova   Montenegro   Poland   Romania   Russia   Serbia   Slovakia   Slovenia   Ukraine     South America   Argentina   Bolivia   Brazil   Chile   Colombia   Ecuador   Paraguay   Peru   Uruguay   Venezuela     CONCACAF   Mexico   USA   Costa Rica   El Salvador   Guatemala   Honduras     Asia   Asian Cup   China   India   Indonesia   Japan   Republic of Korea   Singapore   Thailand   Vietnam   Armenia   Azerbaijan   Georgia   Kazakhstan   Kuwait   Iran     Australia   New Zealand     Africa   Algeria   Egypt   Kenya   Morocco   South Africa   Tunisia     More countries   Albania   Andorra   Faroe Islands   Malta   San Marino     Antigua and Barbuda   Barbados   Bermuda   Canada   Cuba   Grenada   Guadeloupe   Haiti   Jamaica   Nicaragua   Martinique   Panama   Puerto Rico   Saint Kitts and Nevis   Trinidad and Tobago     Bahrain   Hong Kong   Iraq   Jordan   Lebanon   Malaysia   Oman   Palestine   Pakistan   Qatar   Saudi Arabia   Syria   U.A.E.   Philippines   Taiwan   Uzbekistan     Oceania   Fiji   Solomon Islands   Tahiti   Vanuatu     Angola   Benin   Botswana   Burkina Faso   Cameroon   Cape Verde   DR Congo   Congo   Gabon   Gambia   Ghana   Guinea   Yemen   Lesotho   Liberia   Libya   Madagascar   Malawi   Mali   Mauritius   Mozambique   Namibia   Nigeria   Ivory Coast   Rwanda   Senegal   Sierra Leone   Sudan   Swaziland   Tanzania   Togo   Uganda   Zambia   Zimbabwe           Jun 24 Jun 25 Jun 26   Today   Jun 28 Jun 29 Jun 30        Copa America - Play-off   June 27      21:30   Brazil   ? - ?   Paraguay       International - Friendly   June 27      22:00   Mexico   ? - ?   Costa Rica       International - Club Friendlies   June 26      FT   Young Boys   3 - 1   Breitenrain      FT   Thun   1 - 0   Breitenrain      FT   FC Gullegem   0 - 4   Mouscron-Peruwelz      FT   Young Boys   3 - 0   Wohlen         June 27      FT   Amkar   1 - 0   Dinamo Batumi      FT   Winterthur   1 - 2   FC Zurich      FT   GIF Sundsvall   2 - 4   Oerebro      FT   Clachnacuddin   0 - 3   Inverness CT      FT   Basel   4 - 1   Austria Lustenau      FT   Elfsborg   1 - 1   Halmstads BK      FT   Haecken   1 - 1   Randers FC      FT   Hammarby   3 - 0   Aatvidaberg      FT   Rapid Wien   11 - 1   SC Maria Lanzendorf      77'   St.Gallen   2 - 1   Wil      45+11'   Izegem   1 - 0   Kortrijk      HT   Luzern   1 - 1   Schaffhausen      HT   Thun   3 - 0   Le Mont LS      HT   FC Ufa   1 - 0   FC Yenisey Krasnoyarsk      1'   Broendby IF   0 - 0   Falkenbergs FF      15:00   Entente Binchoise   ? - ?   Standard Liege      2'   FC Alberschwende   0 - 0   Altach      15:00   Krylya Sovetov Samara   ? - ?   Fortuna Koeln      15:00   Lugano   ? - ?   Dinamo Bucuresti      15:00   Royal Knokke FC   ? - ?   Anderlecht      15:00   Sion   ? - ?   KF Hajvalia      15:00   Sturm Graz   ? - ?   Maribor      15:30   Universitatea Craiova   ? - ?   FC Vaduz      16:00   Coxyde   ? - ?   Westerlo      16:00   Ingelmunster   ? - ?   Oostende      16:00   RKDSV   ? - ?   Willem II      16:00   Ried   ? - ?   Podbrezova      16:00   Rupel Boom   ? - ?   KV Mechelen      16:00   Wolfsberger AC   ? - ?   FK Vardar Skopje      17:00   Chiasso   ? - ?   Lugano      17:00   Deinze   ? - ?   Gent      17:00   KSV Oudenaarde   ? - ?   Zulte-Waregem       Euro U-21 - Semi-finals   June 27      16:00   Portugal U21   ? - ?   Germany U21      19:00   Denmark U21   ? - ?   Sweden U21       World Cup Women - Play-off   June 27      20:00   Australia   ? - ?   Japan      23:30   England   ? - ?   Canada       Denmark - 2nd Division:: play-off   June 27      FT   Rishoej   2 - 1   Middelfart G og BK       Norway - Tippeligaen   June 27      77'   Start   2 - 1   Aalesund      16:00   Rosenborg   ? - ?   Molde      18:00   Stabaek   ? - ?   Stroemsgodset       Norway - OBOS-ligaen   June 27      18:00   Sogndal   ? - ?   Hoedd       Sweden - Superettan   June 27      46'   Aengelholms FF   0 - 1   Sirius      HT   GAIS   0 - 1   Assyriska FF      HT   IK Frej Taeby   0 - 0   Oestersunds FK      HT   Utsiktens BK   0 - 1   Ljungskile      16:00   Syrianska   ? - ?   AFC United       Finland - Ykkonen   June 27      1'   TPS   0 - 0   AC Oulu       Ireland - Airtricity League   June 27      16:45   Bray Wanderers   ? - ?   Sligo Rovers       Ireland - 1st Division   June 27      18:45   Cobh Ramblers   ? - ?   UCD       Belarus - Premier   June 27      FT   Belshina Bobruisk   0 - 2   Dinamo Minsk      16:00   Torpedo Zhodino   ? - ?   FK Vitebsk      16:30   Shakhtyor Soligorsk   ? - ?   Naftan Novopolotsk       Lithuania - A Lyga   June 27      3'   FK Utenis Utena   0 - 0   Zalgiris Vilnius       Estonia - Premium liiga   June 27      76'   JK Sillamae Kalev   0 - 2   Flora Tallinn      17:45   Paide Linnameeskond   ? - ?   Paernu Linnameeskond       Estonia - Cup   June 27      11:00   Ganvix Turi   ? - ?   Viimsi Igiliikur      11:00   Navi   ? - ?   Warrior      11:00   Taaksi   ? - ?   IceBears      11:00   Tartu Ulikool Fauna   ? - ?   Nomme Kalju III      13:00   Noorus 96   ? - ?   Jalgpallihaigla JK       Argentina - Primera B Nacional   June 27      17:00   Juventud Unida Gualeguaychu   ? - ?   All Boys      19:10   Chacarita Juniors   ? - ?   Sportivo Estudiantes       Argentina - Primera B Metropolitana   June 27      18:00   Flandria   ? - ?   Sportivo Italiano      18:30   Brown de Adrogue   ? - ?   Deportivo Moron      18:30   Comunicaciones   ? - ?   Deportivo Espanol      18:30   Deportivo Armenio   ? - ?   Acassuso      18:30   Deportivo Riestra   ? - ?   Barracas Central       Argentina - Federal A:: zone 2   June 27      18:30   Juventud Unida Universitario   ? - ?   Talleres       Argentina - Federal A:: zone 3   June 27      18:30   Sarmiento de Resistencia   ? - ?   CA Chaco For Ever      19:00   Sportivo Patria   ? - ?   Textil Mandiyu      19:00   Velez Sarfield San Ramon   ? - ?   CD Libertad       Argentina - Federal A:: zone 4   June 27      19:00   Deportivo San Jorge Tucuman   ? - ?   San Martin de Tucuman      21:15   San Lorenzo de Alem   ? - ?   Andino       Brazil - Serie A   June 27      19:00   Avai FC   ? - ?   Gremio      19:00   Chapecoense AF   ? - ?   Sport         June 28      00:00   Corinthians   ? - ?   Figueirense       Brazil - Serie B   June 27      19:30   ABC   ? - ?   Nautico      19:30   Bahia   ? - ?   Luverdense      19:30   Macae   ? - ?   Botafogo RJ      19:30   Mogi Mirim   ? - ?   CRB      19:30   Santa Cruz   ? - ?   Sampaio Correa         June 28      00:00   Boa Esporte Clube   ? - ?   Bragantino       Ecuador - Serie A:: apertura   June 27      21:00   Emelec   ? - ?   Liga de Loja         June 28      00:00   Independiente del Valle   ? - ?   Barcelona SC       USA - Major League Soccer   June 27      21:00   Toronto FC   ? - ?   DC United      23:00   Philadelphia Union   ? - ?   Montreal Impact      23:30   New England Rev.   ? - ?   Vancouver Whitecaps         June 28      00:30   Sporting Kansas City   ? - ?   Colorado Rapids      02:00   Real Salt Lake   ? - ?   Columbus Crew      02:30   San Jose Earthquakes   ? - ?   LA Galaxy       USA - USL Pro   June 26      FT   Charlotte Independence   0 - 0   Richmond Kickers         June 27      23:05   Rochester Rhinos   ? - ?   Pittsburgh Riverhounds      23:30   Charleston Battery   ? - ?   Harrisburg City Islanders      23:30   Louisville City FC   ? - ?   OKC Energy FC         June 28      00:00   Toronto FC USL   ? - ?   Wilmington Hammerheads      00:30   Austin Aztex   ? - ?   Sacramento Republic FC      00:30   Saint Louis FC   ? - ?   New York Red Bulls USL      00:30   Tulsa Roughnecks FC   ? - ?   LA Galaxy II      02:00   Orange County Blues FC   ? - ?   Vancouver Whitecaps USL      02:30   Arizona United SC   ? - ?   Real Monarchs SLC       Japan - J. League:: stage 1   June 27      FT   Kashima Antlers   2 - 3   Kawasaki Frontale      FT   Montedio Yamagata   1 - 3   Gamba Osaka      FT   Ventforet Kofu   1 - 1   Kashiwa Reysol      FT   FC Tokyo   3 - 2   Shimizu S-Pulse      FT   Matsumoto Yamaga   2 - 3   Shonan Bellmare      FT   Sagan Tosu   2 - 2   Sanfrecce Hiroshima      FT   Urawa Red Diamonds   5 - 2   Albirex Niigata      FT   Vegalta Sendai   2 - 0   Nagoya Grampus Eight      FT   Vissel Kobe   1 - 1   Yokohama F.Marinos       Singapore - League Cup:: group A   June 27      FT   Brunei DPMM   5 - 0   Singapore Recreation      FT   Hougang United FC   2 - 2   Geylang International FC       China - Super League   June 27      FT   Liaoning Hongyun   2 - 1   Guizhou Renhe      FT   Jiangsu Guoxin-Sainty   1 - 4   Shanghai East Asia FC       Republic of Korea - K-League Classic   June 27      FT   FC Seoul   0 - 0   Suwon S.B.      FT   Busan I'Park   1 - 3   Jeju United      FT   Pohang Steelers   2 - 1   Gwangju FC      FT   Ulsan Hyundai   0 - 1   Seongnam FC       Republic of Korea - K-League Challenge   June 27      FT   Chungju Hummel   1 - 1   Daegu FC      FT   Goyang Hi FC   2 - 1   FC Anyang      FT   Gyeongnam FC   1 - 2   Bucheon FC 1995       Thailand - Premier League   June 27      FT   Chainat FC   1 - 1   Saraburi FC      FT   Siam Navy FC   1 - 2   Chiangrai United      FT   Ratchaburi FC   1 - 2   Buriram United      FT   Bangkok United   2 - 0   Sisaket FC      FT   Osotspa Saraburi FC   1 - 0   Bangkok Glass       Kazakhstan - Premier League   June 27      FT   Zhetysu Taldykorgan   1 - 1   Aktobe      FT   Kaisar Kyzylorda   1 - 1   Ordabasy Shymkent       Africa - Champions League:: group B   June 27      21:30   ES Setif   ? - ?   USM Alger       Kenya - Premier League   June 27      FT   KCB   0 - 1   Bandari      FT   Chemelil Sugar   1 - 4   Gor Mahia      FT   Sofapaka   1 - 0   Western Stima      FT   Nairobi City Stars   1 - 2   Muhoroni Youth fc      90+30'   Ushuru FC   1 - 0   SoNy Sugar      78'   Thika United   1 - 0   AFC Leopards      15:03 (UTC)                         LiveScore Table       Premier League   P PTS         Chelsea 38 87          Manchester City 38 79          Arsenal 38 75          Manchester United 38 70          Tottenham Hotspur 38 64          Liverpool 38 62          Southampton 38 60         Swansea City 38 56         Stoke City 38 54         Crystal Palace 38 48         Everton 38 47         West Ham United 38 47         West Bromwich Albion 38 44         Leicester City 38 41         Newcastle United 38 39         Sunderland 38 38         Aston Villa 38 38          Hull City 38 35          Burnley 38 33          Queens Park Rangers 38 30        Serie A   P PTS         Juventus 38 87          Roma 38 70          Lazio 38 69          Fiorentina 38 64          SSC Napoli 38 63         Genoa 38 59         Sampdoria 38 56         Inter 38 55         Torino 38 54         AC Milan 38 52         Palermo 38 49         Sassuolo 38 49         Hellas Verona 38 46         ChievoVerona 38 43         Empoli 38 42         Udinese 38 41         Atalanta 38 37          Cagliari 38 34          Cesena 38 24          Parma 38 19        Liga BBVA   P PTS         Barcelona 38 94          Real Madrid 38 92          Atletico Madrid 38 78          Valencia 38 77          Sevilla 38 76          Villarreal 38 60         Athletic Bilbao 38 55         Celta Vigo 38 51         Malaga 38 50         Espanyol 38 49         Rayo Vallecano 38 49         Real Sociedad 38 46         Elche 38 41         Levante 38 37         Getafe 38 37         Deportivo La Coruna 38 35         Granada 38 35          Eibar 38 35          Almeria 38 32          Cordoba 38 20        Bundesliga   P PTS        Augsburg 0 0         Bayer Leverkusen 0 0         Bayern Munich 0 0         Borussia Dortmund 0 0         Borussia Moenchengladbach 0 0         Darmstadt 0 0         Eintracht Frankfurt 0 0         FC Cologne 0 0         Hamburger SV 0 0         Hannover 96 0 0         Hertha Berlin 0 0         Hoffenheim 0 0         Ingolstadt 0 0         Mainz 05 0 0         Schalke 04 0 0         VfB Stuttgart 0 0         Werder Bremen 0 0         Wolfsburg 0 0        Ligue 1   P PTS        Angers 0 0         Bastia 0 0         Bordeaux 0 0         Caen 0 0         GFCO Ajaccio 0 0         Guingamp 0 0         Lille 0 0         Lorient 0 0         Lyon 0 0         Marseille 0 0         Monaco 0 0         Montpellier 0 0         Nantes 0 0         Nice 0 0         Paris Saint Germain 0 0         Reims 0 0         Rennes 0 0         Saint-Etienne 0 0         Toulouse 0 0         Troyes 0 0             P                         LiveScore Soccer / Football - live soccer scores   © 1998-2015 LiveScore         